policy,avg_ctr,cumulative_reward,final_regret
epsilon_greedy_0.1,0.49733333333333335,1492.0,1000.0734429922526
linucb_1.0,0.531,1593.0,945.6490109046676
thompson_0.1,0.5066666666666667,1520.0,949.0229285845655
